Requirement Id,Description,Test,Verdict,Verdict Confidence,Reason,Supporting Files
RQ100,RQ100 Requirements shall be managed in a 3rd party requirements management tool such as DOORS.,TC154,not_covered,weak,"TC154 details decomposing a requirement and post-conditions about temporary links and event messages, but contains no mention of storage or management in a 3rd-party RM tool (e.g., DOORS), no import/export/sync operations, nor assertions that requirements are persisted or managed in such a tool.",—
RQ100,RQ100 Requirements shall be managed in a 3rd party requirements management tool such as DOORS.,TC155,not_covered,weak,TC155 describes refining a requirement and establishing temporary links; there is no evidence of interaction with or management in a 3rd-party requirements management tool like DOORS.,—
RQ100,RQ100 Requirements shall be managed in a 3rd party requirements management tool such as DOORS.,TC156,not_covered,weak,"TC156 covers modifying a requirement and changing link status, but does not reference or verify requirements being managed in a 3rd-party RM tool (DOORS) or related integration behaviors.",—
RQ100,RQ100 Requirements shall be managed in a 3rd party requirements management tool such as DOORS.,TC157,not_covered,weak,TC157 defines deletion behavior (setting obsolete status and tentative link status) but contains no assertions about management or storage of requirements in an external 3rd-party RM tool such as DOORS.,—
RQ100,RQ100 Requirements shall be managed in a 3rd party requirements management tool such as DOORS.,TC158,not_covered,weak,"TC158 specifies merging requirements and link reassignment, but does not mention or assert that requirements are managed by a 3rd-party RM tool (DOORS) or that merge operations are coordinated with such a tool.",—
RQ101,RQ101 Non-requirement artifacts shall be managed in 3rd party tools such as Rational Rose or Clear case,TC141,not_covered,weak,"TC141 covers establishing a trace between a UML artifact and a requirement (happy path). Although it references UML artifacts, it does not mention management or storage of non-requirement artifacts in external 3rd-party tools, nor any integration with Rational Rose or Clear case.",—
RQ101,RQ101 Non-requirement artifacts shall be managed in 3rd party tools such as Rational Rose or Clear case,TC142,not_covered,weak,"TC142 describes that a non-registered subscriber attempts to establish a trace between a UML artifact and a requirement and that no trace is established. While it references a UML artifact (which is a non-requirement artifact type), it contains no assertion about management of non-requirement artifacts in 3rd-party tools (Rational Rose/Clear case) or integration with such tools.",—
RQ101,RQ101 Non-requirement artifacts shall be managed in 3rd party tools such as Rational Rose or Clear case,TC154,not_covered,weak,TC154 covers decomposing a requirement into sub-requirements and resulting temporary links and events. It is focused on requirement artifacts and does not address management of non-requirement artifacts in 3rd-party tools.,—
RQ101,RQ101 Non-requirement artifacts shall be managed in 3rd party tools such as Rational Rose or Clear case,TC155,not_covered,weak,"TC155 addresses refining a requirement and establishing temporary links. It concerns requirement artifacts and events; it does not assert any behavior related to management of non-requirement artifacts in 3rd-party tools (e.g., Rational Rose, Clear case).",—
RQ101,RQ101 Non-requirement artifacts shall be managed in 3rd party tools such as Rational Rose or Clear case,TC157,not_covered,weak,TC157 covers deletion of a requirement and related link state changes. It addresses requirement lifecycle and link status but provides no evidence of managing non-requirement artifacts in external tools or interacting with Rational Rose/Clear case.,—
RQ101,RQ101 Non-requirement artifacts shall be managed in 3rd party tools such as Rational Rose or Clear case,TC165,not_covered,weak,TC165 describes user processing of event messages and updating links; it concerns link state changes and event removal. There is no mention of managing non-requirement artifacts in 3rd-party tools or interactions with Rational Rose/Clear case.,—
RQ102,RQ102 Only registered subscribers shall be allowed to establish traces.,TC141,partially_covered,partial,"This test exercises the positive case: a registered subscriber successfully establishes a trace, directly supporting the requirement's allow clause. Missing: does not assert enforcement against unregistered actors or boundary/error behaviours, so confidence is partial.",—
RQ102,RQ102 Only registered subscribers shall be allowed to establish traces.,TC142,partially_covered,partial,"This test explicitly exercises an unregistered subscriber attempting to create a trace and asserts that no trace is established, directly supporting the requirement's prohibition clause. It demonstrates the negative behaviour (unregistered prevented). Missing: does not show handling of edge cases (e.g., revoked registrations or manager scope), so confidence is partial.",—
RQ102,RQ102 Only registered subscribers shall be allowed to establish traces.,TC143,not_covered,weak,"This test focuses on successful subscriber registration as a postcondition, but does not exercise or assert trace establishment or the restriction that only registered subscribers may establish traces. It is supportive but does not directly verify the trace access control.",—
RQ102,RQ102 Only registered subscribers shall be allowed to establish traces.,TC144,partially_covered,partial,"This test verifies that a subscriber can register with the subscriber manager (a prerequisite step for being 'registered'). It provides indirect support for the requirement by demonstrating how a subscriber attains registered status, but it does not exercise trace creation or enforcement, so it only partially covers the requirement.",—
RQ102,RQ102 Only registered subscribers shall be allowed to establish traces.,TC146,not_covered,weak,This test concerns subscriber manager registration with an event server; it does not exercise subscriber trace establishment or the permission restriction in the requirement.,—
RQ102,RQ102 Only registered subscribers shall be allowed to establish traces.,TC149,not_covered,weak,This test deals with event notification storage for registered subscribers; it does not assert or verify any behaviour about trace establishment or access control for establishing traces.,—
RQ103,RQ103 A user shall register as a subscriber.,TC142,not_covered,weak,TC142 describes a non-registered subscriber attempting an action (establish a trace) and asserts no trace established. This documents behavior for non-registered users but does not verify that a user can register as a subscriber.,—
RQ103,RQ103 A user shall register as a subscriber.,TC143,covered,full,TC143 explicitly exercises a subscriber performing registration and asserts the postcondition that the subscriber is registered under the subscriber manager. This directly implements the requirement's action and outcome (registration).,—
RQ103,RQ103 A user shall register as a subscriber.,TC144,partially_covered,partial,"TC144 addresses a negative registration scenario (failure/abort) which is related to the registration workflow. It verifies behavior when registration is not completed, but it does not assert success of registration (the positive requirement). It therefore provides partial coverage of the registration-related behaviors (error handling) but not full positive verification.",—
RQ103,RQ103 A user shall register as a subscriber.,TC146,not_covered,weak,"TC146 concerns Subscriber Manager registering with an event server (registration of manager entity), not a user registering as a subscriber. No assertion exercises a user registering as a subscriber.",—
RQ103,RQ103 A user shall register as a subscriber.,TC147,not_covered,weak,TC147 is about event publication and subscriber manager subscriptions; it does not contain assertions that a user registers as a subscriber.,—
RQ103,RQ103 A user shall register as a subscriber.,TC149,not_covered,weak,TC149 deals with event notifications to a subscriber manager and storage in event log; it does not assert user registration behavior.,—
RQ104,RQ104 On registration a subscriber shall register itself under the control of a subscriber manager,TC143,covered,full,"TC143 explicitly executes the registration step and asserts the postcondition that the subscriber is registered under the subscriber manager, directly matching the requirement's stated behaviour.",—
RQ104,RQ104 On registration a subscriber shall register itself under the control of a subscriber manager,TC144,not_covered,weak,TC144 describes a negative scenario where the subscriber fails to register and is removed. It does not assert or verify that on registration the subscriber is registered under the control of a subscriber manager. Therefore it does not provide positive evidence for RQ104.,—
RQ104,RQ104 On registration a subscriber shall register itself under the control of a subscriber manager,TC146,not_covered,weak,"TC146 concerns the subscriber manager registering with an event server. It does not exercise or assert subscriber registration under a subscriber manager, so it does not verify RQ104.",—
RQ104,RQ104 On registration a subscriber shall register itself under the control of a subscriber manager,TC147,not_covered,weak,"TC147 is about real-time event publication and the subscriber manager's subscription; it does not assert that a subscriber, upon registration, is registered under the control of a subscriber manager, so it does not verify RQ104.",—
RQ104,RQ104 On registration a subscriber shall register itself under the control of a subscriber manager,TC149,not_covered,weak,TC149 addresses receipt and storage of non-speculative event notifications and does not exercise or assert subscriber registration under a subscriber manager; it therefore does not verify RQ104.,—
RQ104,RQ104 On registration a subscriber shall register itself under the control of a subscriber manager,TC150,not_covered,weak,"TC150 assumes as a precondition that the subscriber manager has registered subscribers but focuses on event notification processing. It does not assert the act of registration itself or verify that registration results in control by the subscriber manager, so it does not satisfy RQ104.",—
RQ105,RQ105 The user shall establish traces between requirements and other types of artifacts by establishing a subscription from an artifact to the relevant requirement,TC141,covered,full,TC141 explicitly describes the user/subscriber action of establishing a trace between a UML artifact and a requirement and asserts the postcondition that a trace is established. This directly aligns semantically with the requirement's core behavior (establishing traces via subscription).,—
RQ105,RQ105 The user shall establish traces between requirements and other types of artifacts by establishing a subscription from an artifact to the relevant requirement,TC142,partially_covered,partial,TC142 provides a negative/error scenario showing that an unregistered subscriber cannot establish a trace. This addresses an error path related to the act of establishing traces but does not by itself demonstrate successful subscription mechanics; therefore it partially supports the requirement by covering an error case.,—
RQ105,RQ105 The user shall establish traces between requirements and other types of artifacts by establishing a subscription from an artifact to the relevant requirement,TC147,partially_covered,weak,"TC147 documents that a subscriber manager may be subscribed to a requirement and that an event notification is sent upon requirement change. This demonstrates behavior resulting from an existing subscription (notification), supporting the subscription concept, but it does not assert the act of establishing the subscription/trace itself. Therefore it is only partially relevant with weak confidence.",—
RQ105,RQ105 The user shall establish traces between requirements and other types of artifacts by establishing a subscription from an artifact to the relevant requirement,TC154,not_covered,weak,TC154 focuses on decomposition of requirements and temporary requirement-to-requirement links. It does not address artifact subscriptions or artifact-to-requirement trace establishment.,—
RQ105,RQ105 The user shall establish traces between requirements and other types of artifacts by establishing a subscription from an artifact to the relevant requirement,TC155,not_covered,weak,"TC155 concerns requirement refinement and temporary links between requirements (requirement-to-requirement links). It does not assert establishing a subscription from an artifact to a requirement or artifact-to-requirement traces, so it does not verify the requirement.",—
RQ106,RQ106 Each artifact shall be placed under the control of a subscriber manager,TC143,partially_covered,partial,"TC143 directly asserts that a subscriber 'is registered under the subscriber manager', which aligns with the requirement's core intent (placement under control). However, it only shows this for a subscriber artifact and does not address the universal quantifier ('Each artifact'), other artifact classes, or boundaries/error paths; thus confidence is partial.",—
RQ106,RQ106 Each artifact shall be placed under the control of a subscriber manager,TC144,partially_covered,partial,"TC144 exercises a negative/ enforcement path: it shows that when a subscriber fails to register, the system removes the subscriber. This demonstrates an enforcement consequence for failure to be placed under the subscriber manager, which is semantically related to the requirement but does not demonstrate positive placement for all artifacts or other artifact types; therefore coverage is partial.",—
RQ106,RQ106 Each artifact shall be placed under the control of a subscriber manager,TC146,not_covered,weak,"TC146 addresses subscriber manager registration with an event server (manager identity publishing). It does not assert that artifacts are placed under the control of a subscriber manager, so it does not verify the requirement.",—
RQ106,RQ106 Each artifact shall be placed under the control of a subscriber manager,TC147,not_covered,weak,"TC147 describes an event publication and assumes a subscriber manager is subscribed; it does not assert placement of arbitrary artifacts under subscriber manager control, so it does not verify the requirement.",—
RQ106,RQ106 Each artifact shall be placed under the control of a subscriber manager,TC149,not_covered,weak,"TC149 verifies receipt and storage of an event notification by a subscriber manager; while it presumes registered subscribers exist, it does not assert that 'each artifact' is placed under subscriber manager control, so it does not verify the requirement.",—
RQ106,RQ106 Each artifact shall be placed under the control of a subscriber manager,TC164,not_covered,weak,"TC164 concerns event processing order and prohibition of out-of-order processing. It does not assert that artifacts are placed under the control of a subscriber manager, so it does not verify the requirement.",—
RQ107,RQ107 The user shall be able to delete subscriptions.,TC143,not_covered,weak,TC143 verifies subscriber registration with a subscriber manager; it does not exercise or assert subscription deletion.,—
RQ107,RQ107 The user shall be able to delete subscriptions.,TC144,not_covered,weak,"TC144 addresses subscriber registration failure and removal from system, not explicit user-initiated deletion of subscriptions; no subscription-deletion assertion present.",—
RQ107,RQ107 The user shall be able to delete subscriptions.,TC145,covered,full,"TC145 explicitly exercises deletion of a subscription (Steps: ""The user deletes the subscription"") and asserts the postcondition that the subscription has been deleted (""The subscription has been deleted.""), directly satisfying the requirement's core behavior.",—
RQ107,RQ107 The user shall be able to delete subscriptions.,TC147,not_covered,weak,TC147 describes publishing an event to subscriber managers; it does not test or assert deletion of subscriptions.,—
RQ107,RQ107 The user shall be able to delete subscriptions.,TC157,not_covered,weak,"TC157 concerns deleting a requirement and related messaging/status changes, not deleting a subscription; no assertion about subscription deletion is present.",—
RQ108,RQ108 A subscriber manager shall register itself with the eventserver so that it may receive relevant event messages.,TC143,not_covered,weak,"This test concerns a subscriber registering with a subscriber manager, not the subscriber manager registering with the event server. It does not verify the requirement.",—
RQ108,RQ108 A subscriber manager shall register itself with the eventserver so that it may receive relevant event messages.,TC146,covered,partial,"This test directly asserts the subscriber manager registering its IP, port and name with the event server and the postcondition that it is registered. It verifies the core action of registration. It does not itself assert that registration enables receiving messages, so confidence is partial (registration verified; linkage to receiving is covered by other tests).",—
RQ108,RQ108 A subscriber manager shall register itself with the eventserver so that it may receive relevant event messages.,TC148,partially_covered,partial,"The test verifies that, upon coming online, a subscriber manager downloads missed notifications from the event server (covers receipt/recovery). It does not explicitly test the act of registering itself with the eventserver, so it is a partial match.",—
RQ108,RQ108 A subscriber manager shall register itself with the eventserver so that it may receive relevant event messages.,TC149,partially_covered,partial,"The test verifies that a subscriber manager can receive event notifications and store them (verifies the 'receive relevant event messages' purpose). It does not assert the subscriber manager registering itself with the eventserver, so registration action is not verified by this test.",—
RQ108,RQ108 A subscriber manager shall register itself with the eventserver so that it may receive relevant event messages.,TC150,partially_covered,partial,"The test verifies that the subscriber manager receives and processes event notifications (covers the 'receive' purpose). It does not assert that the subscriber manager registered itself with the eventserver, so it only partially addresses the requirement.",—
RQ108,RQ108 A subscriber manager shall register itself with the eventserver so that it may receive relevant event messages.,TC161,partially_covered,partial,This test shows the event server using subscriber-manager addressing (IP/port) to send notifications and that subscriber managers receive messages. It implies a registration mapping (IP/port stored/used) but does not explicitly exercise the registration action; thus it partially supports the requirement.,—
RQ109,RQ109 If the subscriber manager is online; the push model shall be used to send it event notifications in real time.,TC147,covered,full,"TC147 explicitly states a precondition that a subscriber manager is online and the title notes 'published in real time'. The steps state an event notification is sent to the relevant subscriber manager. Together these satisfy the conditional ('if online'), the push action (server sends notification), and the real-time requirement.",—
RQ109,RQ109 If the subscriber manager is online; the push model shall be used to send it event notifications in real time.,TC148,not_covered,weak,"TC148 describes an offline-to-online retrieval where the subscriber manager downloads missed events (pull). It does not demonstrate the push-model being used when the subscriber manager is already online, so it does not verify the requirement.",—
RQ109,RQ109 If the subscriber manager is online; the push model shall be used to send it event notifications in real time.,TC149,partially_covered,partial,"TC149 shows an event notification is sent to and received by the subscriber manager, which semantically indicates a push. However it does not explicitly state the subscriber manager is online as a precondition nor explicitly mention 'real time'; therefore it partially covers the requirement.",—
RQ109,RQ109 If the subscriber manager is online; the push model shall be used to send it event notifications in real time.,TC150,partially_covered,partial,"TC150 demonstrates notifications being sent and received (indicative of push). It lacks an explicit 'online' precondition and does not state 'real time', so it only partially verifies the requirement.",—
RQ109,RQ109 If the subscriber manager is online; the push model shall be used to send it event notifications in real time.,TC161,partially_covered,partial,"TC161 explicitly describes the event server building and sending notification messages to subscriber managers (push). It does not explicitly assert the conditional 'subscriber manager is online' or expressly state 'real time' delivery, so it partially covers the requirement.",—
RQ110,RQ110 Whenever the subscriber manager first comes on line; it shall implement the pull model to retrieve outstanding event messages from the eventserver.,TC146,not_covered,weak,TC146 validates registration of the subscriber manager with the event server; registration is related but does not cover pulling outstanding messages upon initial online arrival.,—
RQ110,RQ110 Whenever the subscriber manager first comes on line; it shall implement the pull model to retrieve outstanding event messages from the eventserver.,TC147,not_covered,weak,TC147 describes real-time event publication to an online subscriber manager; it verifies push/real-time delivery rather than pull-on-start retrieval of outstanding messages.,—
RQ110,RQ110 Whenever the subscriber manager first comes on line; it shall implement the pull model to retrieve outstanding event messages from the eventserver.,TC148,covered,full,"TC148 explicitly sets the precondition that the subscriber manager was offline and the event server has stored an undelivered event, then the manager comes online and the postcondition asserts it has successfully downloaded the relevant event notifications. This directly demonstrates the pull-on-start behavior required by RQ110.",—
RQ110,RQ110 Whenever the subscriber manager first comes on line; it shall implement the pull model to retrieve outstanding event messages from the eventserver.,TC149,not_covered,weak,TC149 checks reception and local storage of a non-speculative event notification. It does not assert behavior triggered by the subscriber manager first coming online to retrieve outstanding events.,—
RQ110,RQ110 Whenever the subscriber manager first comes on line; it shall implement the pull model to retrieve outstanding event messages from the eventserver.,TC150,not_covered,weak,TC150 verifies that a speculative event notification is received and processed; it does not address the manager coming online and performing a pull of outstanding messages from the event server.,—
RQ110,RQ110 Whenever the subscriber manager first comes on line; it shall implement the pull model to retrieve outstanding event messages from the eventserver.,TC164,not_covered,weak,TC164 concerns processing order of received events by a user and enforces order constraints. It does not exercise or assert the subscriber manager pulling outstanding events when coming online.,—
RQ111,RQ111 A subscriber manager shall receive event notifications on behalf of the artifacts that it manages.,TC147,partially_covered,partial,"The test ensures an event notification is sent to the relevant subscriber manager (real-time publish), but it does not explicitly assert that the subscriber manager successfully receives or stores the notification. Thus it is semantically close but missing an explicit receive/assertion step.",—
RQ111,RQ111 A subscriber manager shall receive event notifications on behalf of the artifacts that it manages.,TC148,covered,full,"This test verifies recovery of missed notifications by asserting the subscriber manager downloads (receives) event notifications on behalf of its managed artifacts, directly supporting the requirement.",—
RQ111,RQ111 A subscriber manager shall receive event notifications on behalf of the artifacts that it manages.,TC149,covered,full,The test explicitly states that the relevant subscriber manager receives the event notification and further verifies postcondition storage; this directly exercises the requirement for receipt on behalf of a managed artifact (registered subscriber).,—
RQ111,RQ111 A subscriber manager shall receive event notifications on behalf of the artifacts that it manages.,TC150,covered,full,"This test explicitly exercises receipt of event notifications (speculative variant) and verifies subsequent processing, directly satisfying the requirement that the subscriber manager receives notifications for its managed artifacts.",—
RQ111,RQ111 A subscriber manager shall receive event notifications on behalf of the artifacts that it manages.,TC161,covered,full,"The test asserts that the event message is received by each relevant subscriber manager on behalf of its managed subscribers, directly matching the requirement.",—
RQ111,RQ111 A subscriber manager shall receive event notifications on behalf of the artifacts that it manages.,TC163,not_covered,weak,"This test focuses on display ordering and lists as a precondition that event messages have been received; it does not assert that the subscriber manager receives notifications, so it does not directly verify the requirement.",—
RQ111,RQ111 A subscriber manager shall receive event notifications on behalf of the artifacts that it manages.,TC164,not_covered,weak,This test uses as a precondition that event messages have already been received by the subscriber manager; it exercises ordering/processing constraints rather than verifying that receipt occurs. It therefore does not provide direct evidence for the requirement.,—
RQ112,RQ112 A subscriber manager shall manage traces for one or more artifacts.,TC141,covered,full,This test directly exercises the core required capability: creating (managing) a trace between an artifact and a requirement. It demonstrates the happy-path behavior required by the statement 'manage traces for one or more artifacts.',—
RQ112,RQ112 A subscriber manager shall manage traces for one or more artifacts.,TC142,partially_covered,partial,This test verifies a negative management behavior: the subscriber manager prevents trace creation by an unregistered subscriber. That demonstrates enforcement/control over trace management (an aspect of managing traces) but does not show successful trace creation or other trace-management capabilities.,—
RQ112,RQ112 A subscriber manager shall manage traces for one or more artifacts.,TC143,not_covered,weak,"Test verifies subscriber registration with the subscriber manager (a prerequisite) but does not assert any trace management behavior (creation, retrieval, update, deletion) required by the requirement.",—
RQ112,RQ112 A subscriber manager shall manage traces for one or more artifacts.,TC146,not_covered,weak,This test addresses registration of the subscriber manager with an event server and does not provide evidence of managing traces for artifacts.,—
RQ112,RQ112 A subscriber manager shall manage traces for one or more artifacts.,TC147,not_covered,weak,"This test concerns event publication and notification; it does not assert any trace management behavior (establishing, storing, retrieving traces).",—
RQ112,RQ112 A subscriber manager shall manage traces for one or more artifacts.,TC149,not_covered,weak,"This test concerns receiving and logging event notifications; it does not assert trace creation, storage, retrieval, or other trace-management operations.",—
RQ113,RQ113 On receipt of an event message; the subscriber manager shall differentiate between speculative and evolutionary events.,TC149,partially_covered,partial,"The test explicitly references a 'non-speculative' event received by the subscriber manager and a concrete postcondition for handling it, which exercises the non-speculative (i.e., evolutionary) path. However, it does not explicitly state that the subscriber manager parsed the message to determine its type or that it differentiates between types at receipt time vs relying on upstream classification; therefore coverage is partial.",—
RQ113,RQ113 On receipt of an event message; the subscriber manager shall differentiate between speculative and evolutionary events.,TC150,not_covered,weak,"This test indicates the subscriber manager receives a speculative event notification and that the message is 'processed according to predefined protocols', but it does not explicitly assert that the subscriber manager differentiates between speculative and evolutionary events upon receipt; no explicit parsing/identification step is described for differentiation.",—
RQ113,RQ113 On receipt of an event message; the subscriber manager shall differentiate between speculative and evolutionary events.,TC152,partially_covered,partial,"The test explicitly states the subscriber manager parses an event message to determine it is a speculative event, directly exercising classification for speculative messages. It does not demonstrate subscriber manager classification of evolutionary events nor verify differentiation behavior across both event types or that classification happens 'on receipt' in all cases; therefore only partial coverage.",—
RQ113,RQ113 On receipt of an event message; the subscriber manager shall differentiate between speculative and evolutionary events.,TC159,not_covered,weak,"This test asserts that the event server 'categorizes each event according to whether it is speculative or evolutionary' and stores it. The categorization is performed at the event server, not at the subscriber manager, so it does not demonstrate the subscriber manager performing the required differentiation on receipt.",—
RQ113,RQ113 On receipt of an event message; the subscriber manager shall differentiate between speculative and evolutionary events.,TC161,not_covered,weak,"This test describes the event server notifying subscriber managers when an evolutionary event occurs and that the subscriber manager receives the event message. It does not assert that the subscriber manager differentiates between speculative and evolutionary events on receipt; categorization and notification originate from the event server, so it does not verify the subscriber manager's differentiation behavior.",—
RQ114,RQ114 The subscriber manager shall store information for evolutionary events in an eventlog.,TC146,not_covered,weak,"TC146 covers registration of the subscriber manager with the event server (IP, port, name). No assertion about storing evolutionary event information in an event log is present.",—
RQ114,RQ114 The subscriber manager shall store information for evolutionary events in an eventlog.,TC148,not_covered,weak,"TC148 describes the subscriber manager coming online and downloading missed event notifications from the event server, but it does not assert that these downloaded notifications are stored in a local event log.",—
RQ114,RQ114 The subscriber manager shall store information for evolutionary events in an eventlog.,TC149,covered,full,"TC149 explicitly states that when the subscriber manager receives a non-speculative event notification (non-speculative semantically corresponds to evolutionary), the event notification message is stored in the local event log. This directly satisfies the requirement's obligation to store evolutionary event information.",—
RQ114,RQ114 The subscriber manager shall store information for evolutionary events in an eventlog.,TC150,not_covered,weak,TC150 addresses receipt and processing of speculative event notifications and states the message is processed according to protocols; it does not assert persisting evolutionary event information to an event log.,—
RQ114,RQ114 The subscriber manager shall store information for evolutionary events in an eventlog.,TC152,not_covered,weak,"TC152 covers processing of speculative events (model injection, execution, restore, and response). Speculative events are explicitly different from evolutionary events; no assertion states the subscriber manager stores evolutionary event information in an event log.",—
RQ114,RQ114 The subscriber manager shall store information for evolutionary events in an eventlog.,TC159,not_covered,weak,"TC159 states the event server stores event details in its event log and categorizes events as evolutionary or speculative. This is evidence about the event server's log, not the subscriber manager's storage obligation; it does not assert the subscriber manager storing evolutionary events.",—
RQ114,RQ114 The subscriber manager shall store information for evolutionary events in an eventlog.,TC161,not_covered,weak,"TC161 describes notifications being sent to subscriber managers and that the message is received by each relevant subscriber manager, but it contains no postcondition or assertion that the subscriber manager stores evolutionary (non-speculative) event information in an event log.",—
RQ115,RQ115 The user shall be able to construct speculative queries using a GUI.,TC150,not_covered,weak,This test covers the subscriber manager receiving an event notification; it does not verify GUI-based construction of speculative queries.,—
RQ115,RQ115 The user shall be able to construct speculative queries using a GUI.,TC151,covered,full,The test step explicitly states that the user constructs a speculative query using a GUI tool and the postcondition verifies a speculative event message is received by the event server. This directly exercises and verifies the GUI-based construction capability required by RQ115.,—
RQ115,RQ115 The user shall be able to construct speculative queries using a GUI.,TC152,not_covered,weak,"This test focuses on the subscriber manager processing a speculative event message (parsing, injecting values, re-executing models). It assumes a speculative query has been issued but does not exercise or verify that the query was constructed via a GUI.",—
RQ115,RQ115 The user shall be able to construct speculative queries using a GUI.,TC154,not_covered,weak,This test covers decomposing a requirement and related event messaging; it does not exercise or verify construction of speculative queries via a GUI.,—
RQ115,RQ115 The user shall be able to construct speculative queries using a GUI.,TC155,not_covered,weak,This test concerns refining a requirement and sending a refine event message; it does not address constructing speculative queries via a GUI.,—
RQ115,RQ115 The user shall be able to construct speculative queries using a GUI.,TC156,not_covered,weak,This test is about modifying a requirement and sending modify events; it does not verify GUI-based speculative query construction.,—
RQ115,RQ115 The user shall be able to construct speculative queries using a GUI.,TC165,not_covered,weak,This test describes a user processing event messages and updating artifacts/links. It does not include steps related to constructing speculative queries via a GUI.,—
RQ116,RQ116 The subscriber manager shall immediately process speculative events.,TC149,not_covered,weak,"TC149 covers receipt and storage of non-speculative event notifications and explicitly indicates the event is non-speculative. It does not address speculative events or immediate processing, so it does not verify RQ116.",—
RQ116,RQ116 The subscriber manager shall immediately process speculative events.,TC150,partially_covered,partial,"TC150 documents receipt of a speculative event notification and states the message is 'processed according to predefined protocols', which supports the functional processing behavior. It does not, however, assert timing/latency (the 'immediately' constraint) or detail the processing actions for speculative events specifically, so it provides partial but incomplete evidence for RQ116.",—
RQ116,RQ116 The subscriber manager shall immediately process speculative events.,TC151,not_covered,weak,TC151 covers construction of a speculative query and the generation/receipt of a speculative event message by the event server; it does not exercise the subscriber manager's processing behavior or the immediate processing constraint.,—
RQ116,RQ116 The subscriber manager shall immediately process speculative events.,TC152,partially_covered,partial,"TC152 explicitly demonstrates that the subscriber manager receives and processes a speculative event end-to-end (parse, inject model values, re-execute, collate, restore, return results). However, the test text does not assert any timing or latency requirement (nothing that validates the word 'immediately'), nor does it exercise error/failure or concurrency boundary cases. Therefore it partially satisfies the requirement's functional intent but lacks evidence for the 'immediately' constraint and edge/error scenarios.",—
RQ116,RQ116 The subscriber manager shall immediately process speculative events.,TC164,not_covered,weak,"TC164 concerns user attempts to process events out of order and enforces ordering restrictions; it does not exercise or assert immediate processing of speculative events, so it does not verify RQ116.",—
RQ117,RQ117 The subscriber manager shall re execute the model using the speculative values.,TC143,not_covered,weak,This test covers subscriber registration; it does not mention model execution or speculative value usage.,—
RQ117,RQ117 The subscriber manager shall re execute the model using the speculative values.,TC149,not_covered,weak,This test covers receiving a non-speculative event and storing it; it does not address re-executing the model with speculative values.,—
RQ117,RQ117 The subscriber manager shall re execute the model using the speculative values.,TC150,not_covered,weak,This test describes receipt of a speculative event notification by the subscriber manager but does not mention injecting speculative values or re-executing the model.,—
RQ117,RQ117 The subscriber manager shall re execute the model using the speculative values.,TC151,not_covered,weak,This test describes the user constructing a speculative query and that a speculative event message is received by the event server; it does not assert that the subscriber manager re-executes the model using speculative values.,—
RQ117,RQ117 The subscriber manager shall re execute the model using the speculative values.,TC152,covered,full,"The test text explicitly describes injecting speculative values into the performance model and re-executing it, which directly implements the requirement's action. It also verifies result collation and model restoration, covering the full core behavior specified.",—
RQ118,RQ118 The subscriber manager shall report results indicating whether the speculative change negatively impacts other requirements and constraints.,TC147,not_covered,weak,TC147 concerns publishing an event in real time and notifying subscriber manager(s). It does not assert analysis of speculative changes nor reporting of negative impacts to other requirements/constraints.,—
RQ118,RQ118 The subscriber manager shall report results indicating whether the speculative change negatively impacts other requirements and constraints.,TC149,not_covered,weak,TC149 covers storage of non-speculative event notifications in the local event log. It does not address speculative-change impact analysis or reporting on negative impacts to other requirements/constraints.,—
RQ118,RQ118 The subscriber manager shall report results indicating whether the speculative change negatively impacts other requirements and constraints.,TC150,not_covered,weak,TC150 acknowledges receipt/processing of a speculative event but contains no assertion that the subscriber manager determines or reports whether the speculative change negatively impacts other requirements or constraints.,—
RQ118,RQ118 The subscriber manager shall report results indicating whether the speculative change negatively impacts other requirements and constraints.,TC151,not_covered,weak,TC151 validates construction and sending of a speculative query/event. It does not verify that the subscriber manager reports whether the speculative change negatively impacts other requirements/constraints.,—
RQ118,RQ118 The subscriber manager shall report results indicating whether the speculative change negatively impacts other requirements and constraints.,TC152,partially_covered,partial,"TC152 demonstrates that the subscriber manager parses a speculative event, re-executes the model, collates results, and returns a response. This shows the processing and result-return behavior but does not assert that the returned results explicitly indicate whether the speculative change negatively impacts other requirements and constraints (no evidence of impact-detection or reporting of negative impacts). Therefore partial coverage of the requirement.",—
RQ118,RQ118 The subscriber manager shall report results indicating whether the speculative change negatively impacts other requirements and constraints.,TC156,partially_covered,partial,"TC156 shows that the system updates requirement links to a tentative status after a modify event, which is related to representing potential impacts on requirements. However, it does not demonstrate analysis of speculative changes or explicit reporting that a speculative change negatively impacts other requirements/constraints. This yields partial topical coverage of impact-reporting mechanisms (link status) but not the specific speculative-impact determination required by RQ118.",—
RQ119,RQ119 The subscriber manager shall restore the executable model to its prior state.,TC143,not_covered,weak,TC143 relates to subscriber registering with subscriber manager; no content about model execution or restoration.,—
RQ119,RQ119 The subscriber manager shall restore the executable model to its prior state.,TC144,not_covered,weak,TC144 covers subscriber registration failure flow and removal from system; no mention of model execution or restoration.,—
RQ119,RQ119 The subscriber manager shall restore the executable model to its prior state.,TC146,not_covered,weak,TC146 addresses registering the subscriber manager with the event server; it does not exercise or assert restoration of an executable model.,—
RQ119,RQ119 The subscriber manager shall restore the executable model to its prior state.,TC148,not_covered,weak,TC148 concerns coming online and downloading missed events; it does not mention executing or restoring any executable/performance model.,—
RQ119,RQ119 The subscriber manager shall restore the executable model to its prior state.,TC149,not_covered,weak,TC149 describes receiving and storing a non-speculative event notification; it does not reference executing or restoring a model.,—
RQ119,RQ119 The subscriber manager shall restore the executable model to its prior state.,TC152,covered,full,"TC152 explicitly states in the test steps that the subscriber manager ""restores the model to its prior state"" and repeats in postconditions that ""The performance model is restored to its original state"", which directly matches the requirement's mandate that the subscriber manager restore the executable model to its prior state.",—
RQ120,RQ120 The prototype system shall utilize a driver to trigger events.,TC153,partially_covered,partial,"The test lists the running trigger driver as a precondition and expects an event message to be sent when adding a requirement, directly supporting the requirement's intent. As a descriptive test case it covers the happy path but not boundary/error behaviors of the driver.",—
RQ120,RQ120 The prototype system shall utilize a driver to trigger events.,TC154,partially_covered,partial,"The test explicitly requires 'The trigger driver is running.' and expects a 'decompose event message is sent', which aligns with the system utilizing a driver to trigger events. However, it is a high-level test description (precondition/postcondition) and does not exercise driver initialization, failure modes, or non-happy paths, so coverage of the full requirement behavior is partial.",—
RQ120,RQ120 The prototype system shall utilize a driver to trigger events.,TC155,partially_covered,partial,"Specifying the trigger driver as a precondition and expecting a 'refine event message' demonstrates use of a driver to produce events, but does not validate driver lifecycle or failure/error scenarios.",—
RQ120,RQ120 The prototype system shall utilize a driver to trigger events.,TC156,partially_covered,partial,"The test requires the trigger driver and expects a modify event message, supporting driver-based event triggering for the modify scenario. Lacks assertions for driver robustness, initialization, and negative/error cases.",—
RQ120,RQ120 The prototype system shall utilize a driver to trigger events.,TC158,partially_covered,partial,"The test's precondition and post-condition indicate use of a running trigger driver and resulting event messages for merge actions, covering the happy path but not driver edge cases or failure modes.",—
RQ121,RQ121 Event types shall include adding new requirements.,TC153,covered,full,"TC153 explicitly names and exercises the 'Add New Requirement' event: user specifies a new event and 'The user adds a new requirement', with post-condition 'A new event message is sent.' This directly implements the requirement's demanded event type and its primary observable outcome, so coverage is full for the requirement statement.",—
RQ121,RQ121 Event types shall include adding new requirements.,TC155,partially_covered,partial,"TC155 documents an event ('refine') that results in adding an additional requirement related to an existing one. This demonstrates an add-like behavior but scoped to a 'refine' event (not the generic 'add new requirement' event). Therefore it provides partial, related coverage but does not strictly demonstrate the standalone 'add new requirement' event type in every aspect.",—
RQ121,RQ121 Event types shall include adding new requirements.,TC156,not_covered,weak,"TC156 exercises a 'modify' event (changing an existing requirement). It does not assert adding new requirements or an add-event type, so it does not cover the requirement.",—
RQ121,RQ121 Event types shall include adding new requirements.,TC157,not_covered,weak,"TC157 exercises a 'delete' event (marking a requirement obsolete). It does not assert adding new requirements or an add-event type, so it does not cover the requirement.",—
RQ121,RQ121 Event types shall include adding new requirements.,TC158,not_covered,weak,"TC158 exercises a 'merge' event that combines requirements rather than creating a new requirement via an explicit add event. While merging produces a new merged artifact, it does not explicitly demonstrate the 'add new requirement' event type required.",—
RQ122,RQ122 Event types shall include decomposing one requirement into two or more requirements.,TC153,not_covered,weak,TC153 describes adding a new requirement (new event). This does not demonstrate decomposing an existing requirement into two or more requirements.,—
RQ122,RQ122 Event types shall include decomposing one requirement into two or more requirements.,TC154,covered,full,"TC154 explicitly defines a decompose event, the user action to decompose an existing requirement into two or more requirements, and post-conditions describing the decomposition and associated messaging/links. This directly satisfies the requirement that event types include decomposition into two or more requirements.",—
RQ122,RQ122 Event types shall include decomposing one requirement into two or more requirements.,TC155,not_covered,weak,TC155 describes refining a requirement by adding a related requirement. This does not demonstrate decomposing a single requirement into two or more requirements.,—
RQ122,RQ122 Event types shall include decomposing one requirement into two or more requirements.,TC157,not_covered,weak,TC157 describes deleting a requirement and marking it obsolete; it does not exercise decomposition into multiple requirements.,—
RQ122,RQ122 Event types shall include decomposing one requirement into two or more requirements.,TC158,not_covered,weak,TC158 exercises a merge event (combining two or more requirements). This is a different event type and does not assert decomposition of one requirement into two or more requirements.,—
RQ123,RQ123 Event types shall include refining one requirement by adding an additional requirement to the existing one.,TC153,not_covered,weak,"TC153 covers adding a new requirement (new event) but does not indicate selecting or refining an existing requirement by adding a related requirement, so it does not satisfy the refine behavior required.",—
RQ123,RQ123 Event types shall include refining one requirement by adding an additional requirement to the existing one.,TC154,not_covered,weak,TC154 describes a 'decompose' event that splits a requirement into two or more parts. This is a different event semantics (decompose vs refine by adding an additional related requirement) and does not assert adding an additional requirement to an existing one.,—
RQ123,RQ123 Event types shall include refining one requirement by adding an additional requirement to the existing one.,TC155,covered,full,"TC155 explicitly names a 'refine' event, requires selecting an existing requirement and adding an additional related requirement, and the postcondition states the requirement is refined by adding at least one related requirement — directly matching the requirement text and covering the stated behavior and observable postconditions.",—
RQ123,RQ123 Event types shall include refining one requirement by adding an additional requirement to the existing one.,TC156,not_covered,weak,"TC156 describes modifying an existing requirement (modify event) and changing links to tentative status. It does not describe adding an additional related requirement to the existing one, so it does not verify the refine behavior.",—
RQ123,RQ123 Event types shall include refining one requirement by adding an additional requirement to the existing one.,TC158,not_covered,weak,TC158 describes merging two or more requirements into one. This is a different event (merge) and does not assert refining an existing requirement by adding an additional related requirement.,—
RQ124,RQ124 Event types shall include modifying a requirement.,TC153,not_covered,weak,TC153 describes adding a new requirement and sending a new event message; it does not exercise or assert a modify event. It does not verify 'modifying a requirement.',—
RQ124,RQ124 Event types shall include modifying a requirement.,TC154,not_covered,weak,TC154 describes a decompose event (decomposing a requirement into parts) and does not exercise or assert a modify event. It does not verify 'modifying a requirement.',—
RQ124,RQ124 Event types shall include modifying a requirement.,TC155,not_covered,weak,TC155 describes a refine event (adding a related requirement) and does not exercise or assert a modify event. It does not verify 'modifying a requirement.',—
RQ124,RQ124 Event types shall include modifying a requirement.,TC156,covered,full,"TC156 explicitly triggers a modify event, changes an existing requirement, and asserts post-conditions that the requirement is changed and a modify event message is sent. This directly satisfies the requirement that event types include modifying a requirement.",—
RQ124,RQ124 Event types shall include modifying a requirement.,TC157,not_covered,weak,TC157 describes a delete event (setting a requirement obsolete) and does not exercise or assert a modify event. It does not verify 'modifying a requirement.',—
RQ125,RQ125 Event types shall include deleting a requirement.,TC153,not_covered,weak,TC153 describes adding a new requirement (new event). It does not reference deletion or verify delete-event behavior.,—
RQ125,RQ125 Event types shall include deleting a requirement.,TC154,not_covered,weak,"TC154 describes a decompose event and post-conditions for decomposition. It does not mention or assert any delete/delete-event behavior, so it does not verify the requirement.",—
RQ125,RQ125 Event types shall include deleting a requirement.,TC155,not_covered,weak,TC155 describes a refine event and related post-conditions. It does not mention a delete event or verify deletion behavior.,—
RQ125,RQ125 Event types shall include deleting a requirement.,TC156,not_covered,weak,"TC156 describes a modify event and its post-conditions. There is no mention of deleting a requirement or related assertions, so it does not cover the requirement.",—
RQ125,RQ125 Event types shall include deleting a requirement.,TC157,covered,full,"TC157 explicitly specifies a delete event and asserts the post-conditions that show the system handles deleting a requirement (status -> obsolete, message sent, links tentative). This directly demonstrates that a delete event type exists and its expected behavior, matching the requirement.",—
RQ126,RQ126 Event types shall include merging requirements.,TC153,not_covered,weak,This test concerns adding a new requirement ('new event') and does not reference merging; it does not verify the presence of a merge event type.,—
RQ126,RQ126 Event types shall include merging requirements.,TC154,not_covered,weak,This test concerns a 'decompose' event (splitting a requirement) and does not reference merging; it does not verify the presence of a merge event type.,—
RQ126,RQ126 Event types shall include merging requirements.,TC155,not_covered,weak,This test concerns a 'refine' event (adding related requirements) and does not reference merging; it does not verify the presence of a merge event type.,—
RQ126,RQ126 Event types shall include merging requirements.,TC156,not_covered,weak,This test concerns a 'modify' event and does not mention merging or merge events; it therefore does not verify that event types include merging requirements.,—
RQ126,RQ126 Event types shall include merging requirements.,TC158,covered,full,"This test explicitly defines a 'merge event' (verifying the presence of a merge event type) and asserts postconditions: requirements are merged, a merge event message is sent, and existing links are assigned to the merged requirement. Those assertions directly satisfy the requirement that event types include merging requirements and specify expected outcomes.",—
RQ127,RQ127 The eventserver shall receive event messages when a requirement changes.,TC147,partially_covered,partial,"This test shows that when a requirement changes an event notification is sent (to a subscriber manager). It demonstrates that a change triggers an event message, but it does not assert that the eventserver receives the message, nor that the server receiving is tied to requirement changes.",—
RQ127,RQ127 The eventserver shall receive event messages when a requirement changes.,TC153,partially_covered,partial,"This test asserts that adding a new requirement results in a new event message being sent. It demonstrates that requirement changes generate event messages but does not assert that the eventserver receives them, so it is partial evidence toward the requirement.",—
RQ127,RQ127 The eventserver shall receive event messages when a requirement changes.,TC156,partially_covered,partial,"This test explicitly asserts that when a requirement is modified, a modify event message is sent. That demonstrates the 'when a requirement changes -> event message is produced' side, but it does not assert that the eventserver receives that message, so it only partially addresses the requirement.",—
RQ127,RQ127 The eventserver shall receive event messages when a requirement changes.,TC157,partially_covered,partial,"This test asserts that deleting a requirement results in a delete event message being sent. It covers the 'requirement changes -> event message sent' aspect but does not demonstrate that the eventserver receives the message, so it is partial evidence.",—
RQ127,RQ127 The eventserver shall receive event messages when a requirement changes.,TC159,covered,full,"This test explicitly exercises the eventserver receiving an event message, parsing, categorizing, and storing it. Combined with tests that assert requirement changes produce event messages, this provides direct evidence that the eventserver receives event messages in the context of changes.",—
RQ127,RQ127 The eventserver shall receive event messages when a requirement changes.,TC160,not_covered,weak,"This test assumes as a precondition that the event server has already received an event message and exercises post-receipt processing (identifying impacted requirements and subscribers). It does not itself verify that the eventserver receives event messages when a requirement changes (receipt is assumed), so it does not provide direct evidence for the requirement.",—
RQ128,RQ128 On receipt of an event message the eventserver shall record the event in an eventlog.,TC147,not_covered,weak,TC147 describes publishing an event in real time to subscriber managers but does not assert that the eventserver records the event in an event log.,—
RQ128,RQ128 On receipt of an event message the eventserver shall record the event in an eventlog.,TC149,partially_covered,partial,"TC149 asserts that a subscriber manager stores the received event notification in its local event log. This verifies the behavior 'record the event in an event log' but for a different actor (subscriber manager) rather than the eventserver, so it is relevant but not a direct fulfillment of the requirement.",—
RQ128,RQ128 On receipt of an event message the eventserver shall record the event in an eventlog.,TC159,covered,full,"The test (TC159) explicitly states that the event server stores event details in its event log and that the event is stored in the log as a postcondition, directly matching the requirement's actor (eventserver), trigger (receipt of event message) and action (record in eventlog).",—
RQ128,RQ128 On receipt of an event message the eventserver shall record the event in an eventlog.,TC160,not_covered,weak,TC160 describes identifying subscribers after receiving an event but contains no assertion that the eventserver records the event in an event log.,—
RQ128,RQ128 On receipt of an event message the eventserver shall record the event in an eventlog.,TC161,not_covered,weak,TC161 covers notifying subscribers when an evolutionary event occurs; it does not assert that the eventserver records the event in an event log.,—
RQ128,RQ128 On receipt of an event message the eventserver shall record the event in an eventlog.,TC165,not_covered,weak,TC165 focuses on user processing of event messages and link updates; it does not assert that the eventserver records the event in an event log.,—
RQ129,RQ129 On receipt of an event; the eventserver shall identify all relevant subscribers for the event.,TC147,not_covered,weak,"This test describes event publication and that a notification is sent to the relevant subscriber manager, but it does not explicitly assert or test that the eventserver identified all relevant subscribers when the event was received. The identification step is implied but not asserted, so it does not provide direct evidence for the requirement.",—
RQ129,RQ129 On receipt of an event; the eventserver shall identify all relevant subscribers for the event.,TC149,not_covered,weak,This test concerns the subscriber manager receiving an event notification and storing it locally. It does not exercise or assert that the eventserver identified relevant subscribers upon event receipt.,—
RQ129,RQ129 On receipt of an event; the eventserver shall identify all relevant subscribers for the event.,TC150,not_covered,weak,This test covers subscriber manager processing of a speculative event notification; it does not assert that the eventserver identified relevant subscribers on receipt of the event.,—
RQ129,RQ129 On receipt of an event; the eventserver shall identify all relevant subscribers for the event.,TC160,covered,full,"This test explicitly describes the event server identifying impacted requirements, searching for subscribers, and asserts as a postcondition that all relevant subscribers are identified. That directly exercises and asserts the exact required behavior.",—
RQ129,RQ129 On receipt of an event; the eventserver shall identify all relevant subscribers for the event.,TC161,partially_covered,partial,"The test assumes as a precondition that the event server ""has identified a list of subscribers"" and then exercises identifying subscriber managers and addresses and sending notifications. It therefore exercises parts of the notification flow related to identified subscribers but does not test or assert the initial identification step (it is a precondition), so it only partially supports the requirement.",—
RQ130,RQ130 The eventserver shall differentiate between evolutionary and speculative events.,TC150,not_covered,weak,This test concerns the subscriber manager receiving a speculative event notification; it does not assert that the event server differentiates evolutionary vs. speculative events.,—
RQ130,RQ130 The eventserver shall differentiate between evolutionary and speculative events.,TC151,not_covered,weak,"This test ensures a speculative query is constructed and results in a speculative event message being received by the event server, but it does not assert that the event server performs differentiation between event types.",—
RQ130,RQ130 The eventserver shall differentiate between evolutionary and speculative events.,TC152,not_covered,weak,"This test describes the subscriber manager parsing a speculative event and acting on it. It verifies parsing and handling at the subscriber manager, not that the event server differentiates events.",—
RQ130,RQ130 The eventserver shall differentiate between evolutionary and speculative events.,TC159,covered,full,The test explicitly requires the event server to categorize each event as speculative or evolutionary and states the postcondition that the event is categorized accordingly. This directly implements the required differentiation behavior.,—
RQ130,RQ130 The eventserver shall differentiate between evolutionary and speculative events.,TC161,partially_covered,partial,"This test operates on an already-identified evolutionary event (precondition) and exercises notification behavior for evolutionary events. It implies the system distinguishes evolutionary events, but it does not explicitly assert the categorization step performed by the event server within the test itself.",—
RQ131,RQ131 When an evolutionary event occurs; the eventserver shall notify subscribers of the event.,TC147,partially_covered,partial,This test shows a notification is sent to a subscriber manager when a requirement changes (a likely evolutionary event). It verifies sending behavior but lacks explicit linkage to 'evolutionary' classification and does not assert downstream receipt or handling.,—
RQ131,RQ131 When an evolutionary event occurs; the eventserver shall notify subscribers of the event.,TC149,partially_covered,partial,"This test demonstrates that a subscriber manager receives a non-speculative (non-speculative implies non-speculative could be evolutionary) event notification and stores it, which provides evidence that notifications reach recipients. It does not, however, demonstrate the eventserver's sending logic end-to-end or explicitly tie the notification to an evolutionary event in the eventserver.",—
RQ131,RQ131 When an evolutionary event occurs; the eventserver shall notify subscribers of the event.,TC150,not_covered,weak,"This test concerns speculative event notifications. The requirement is specific to evolutionary events, so this test does not verify the requirement.",—
RQ131,RQ131 When an evolutionary event occurs; the eventserver shall notify subscribers of the event.,TC159,partially_covered,partial,This test verifies detection/categorization of evolutionary events (the trigger condition) but does not assert that the eventserver notifies subscribers. It covers a necessary prerequisite but not the notification action.,—
RQ131,RQ131 When an evolutionary event occurs; the eventserver shall notify subscribers of the event.,TC161,covered,full,"This test explicitly preconditions on an evolutionary event, details the event server building and sending notification messages to each relevant subscriber manager, and asserts receipt by subscriber managers. It directly exercises and verifies both detection context and the notification action required by the requirement.",—
RQ132,RQ132 For speculative events; the eventserver shall construct a composite event message.,TC149,not_covered,weak,TC149 concerns non-speculative event notifications and storage in the local event log. It is not relevant to the requirement that the eventserver construct a composite event message for speculative events and contains no assertions about such construction.,—
RQ132,RQ132 For speculative events; the eventserver shall construct a composite event message.,TC150,not_covered,weak,TC150 describes subscriber manager receipt and processing of speculative event notifications for registered subscribers. It does not assert that the eventserver constructs a composite event message nor check the composite message's structure or contents.,—
RQ132,RQ132 For speculative events; the eventserver shall construct a composite event message.,TC151,not_covered,weak,TC151 covers a user constructing a speculative query and the postcondition that a speculative event message is received by the event server. It documents message receipt but does not assert that the eventserver constructs a composite event message or validate any composite message creation behavior.,—
RQ132,RQ132 For speculative events; the eventserver shall construct a composite event message.,TC152,not_covered,weak,"TC152 describes subscriber manager processing after receiving a speculative event message (parsing, model injection, re-execution, collating results). It assumes the existence/receipt of a speculative event message but does not assert or verify that the eventserver constructed a composite event message or the structure/content of such a composite message.",—
RQ132,RQ132 For speculative events; the eventserver shall construct a composite event message.,TC159,not_covered,weak,"TC159 verifies that the event server receives, parses, categorizes, and logs incoming event messages. Parsing and categorization are related but do not constitute evidence that the eventserver constructs a composite event message; no assertion about construction or composition is present.",—
RQ133,RQ133 The eventserver shall identify all related requirements and constraints for each impacted executable model.,TC147,partially_covered,partial,"This test demonstrates that when a requirement changes, an event notification is sent to relevant subscribers — implying the system determines relevant impacted requirements/subscribers. It does not mention constraints or explicitly map identifications to each impacted executable model, so coverage is partial.",—
RQ133,RQ133 The eventserver shall identify all related requirements and constraints for each impacted executable model.,TC154,partially_covered,partial,"Decomposition and establishment of links between requirement parts indicates management of related requirements (topically relevant). The test does not verify identification of constraints nor per-executable-model mapping, so it only partially covers the requirement.",—
RQ133,RQ133 The eventserver shall identify all related requirements and constraints for each impacted executable model.,TC155,partially_covered,partial,"This test documents creation of related requirements and establishment of links, which is semantically related to 'identify all related requirements'. However, it does not assert that the eventserver identifies constraints or performs per-executable-model identification, so coverage is partial.",—
RQ133,RQ133 The eventserver shall identify all related requirements and constraints for each impacted executable model.,TC158,partially_covered,partial,"Merging requirements and reassigning links shows handling of relationships between requirements, which is related to identifying related requirements. The test does not assert identification of constraints or per-executable-model identification, so it is only partial evidence for the requirement.",—
RQ133,RQ133 The eventserver shall identify all related requirements and constraints for each impacted executable model.,TC160,partially_covered,partial,"This test explicitly states the event server identifies impacted requirements and finds subscribers for them, which maps to the requirement's need to identify related requirements. It does not mention identifying constraints, nor does it assert mapping of identified items to each impacted executable model; therefore it partially covers the requirement.",—
RQ134,RQ134 The eventserver shall retrieve quantitative values related to these additional requirements and constraints through querying the requirements management tool.,TC147,not_covered,weak,TC147 concerns publishing an event in real time to subscribers. It does not assert that the eventserver queries a requirements management tool for quantitative values related to requirements/constraints.,—
RQ134,RQ134 The eventserver shall retrieve quantitative values related to these additional requirements and constraints through querying the requirements management tool.,TC153,not_covered,weak,TC153 describes adding a new requirement and sending an event message. It does not include any steps or assertions about querying an RM tool or obtaining quantitative values.,—
RQ134,RQ134 The eventserver shall retrieve quantitative values related to these additional requirements and constraints through querying the requirements management tool.,TC154,not_covered,weak,TC154 describes decomposing a requirement and sending a decompose event; there is no mention of querying an RM tool or retrieving quantitative values.,—
RQ134,RQ134 The eventserver shall retrieve quantitative values related to these additional requirements and constraints through querying the requirements management tool.,TC155,not_covered,weak,TC155 exercises refining a requirement and sending a refine event; it describes establishing temporary links and event messaging but contains no steps or assertions about the eventserver querying a requirements management tool or retrieving quantitative values.,—
RQ134,RQ134 The eventserver shall retrieve quantitative values related to these additional requirements and constraints through querying the requirements management tool.,TC158,not_covered,weak,TC158 covers merging requirements and event messaging. There is no mention of retrieving quantitative values from a requirements management tool.,—
RQ134,RQ134 The eventserver shall retrieve quantitative values related to these additional requirements and constraints through querying the requirements management tool.,TC160,not_covered,weak,TC160 covers identification of impacted requirements and searching for subscribers after receiving an event. It does not mention querying a requirements management tool nor retrieving quantitative values related to additional requirements/constraints.,—
RQ135,RQ135 The eventserver shall create a composite speculative message which includes the speculative event plus all related requirements and constraint values for each impacted model.,TC150,not_covered,weak,TC150 describes a subscriber manager receiving an event notification and processing it; it does not provide evidence that the eventserver created a composite speculative message containing related requirements and constraint values.,—
RQ135,RQ135 The eventserver shall create a composite speculative message which includes the speculative event plus all related requirements and constraint values for each impacted model.,TC151,not_covered,weak,"TC151 shows a user constructs a speculative query and that a speculative event message is received by the event server, but it does not assert that the event server composes a composite message containing related requirements and constraint values.",—
RQ135,RQ135 The eventserver shall create a composite speculative message which includes the speculative event plus all related requirements and constraint values for each impacted model.,TC152,not_covered,weak,"TC152 documents that the subscriber manager receives and processes a speculative event message and injects values into a model, but it does not assert that the eventserver created a composite speculative message containing related requirements and constraint values. Therefore it does not verify the requirement.",—
RQ135,RQ135 The eventserver shall create a composite speculative message which includes the speculative event plus all related requirements and constraint values for each impacted model.,TC153,not_covered,weak,TC153 concerns adding a new requirement and sending an event message; it does not assert that the eventserver creates a composite speculative message that bundles the speculative event with related requirements and constraint values for impacted models.,—
RQ135,RQ135 The eventserver shall create a composite speculative message which includes the speculative event plus all related requirements and constraint values for each impacted model.,TC159,partially_covered,weak,"TC159 shows the event server receives, parses, categorizes, and logs events (covering initial processing needed prior to composition). However it does not assert that the server composes a composite speculative message or includes related requirements and constraint values for impacted models; therefore it provides only weak partial evidence.",—
RQ135,RQ135 The eventserver shall create a composite speculative message which includes the speculative event plus all related requirements and constraint values for each impacted model.,TC160,partially_covered,partial,"TC160 demonstrates the event server identifies impacted requirements from an event message (covers the 'includes ... related requirements' identification aspect). It does not, however, assert that the eventserver assembles a composite speculative message that incorporates those requirements or includes constraint values for each impacted model, so coverage is partial.",—
RQ136,RQ136 The eventserver shall send the customized message to each impacted executable model.,TC152,not_covered,weak,"TC152 describes subscriber manager processing after receiving a speculative event message (subscriber-side behavior): ""The subscriber manager receives the speculative event message... injects values into the relevant performance model... returns the results."" It does not assert that the eventserver sent a customized message to each impacted executable model.",—
RQ136,RQ136 The eventserver shall send the customized message to each impacted executable model.,TC159,not_covered,weak,"TC159 covers receiving, parsing, categorizing, and logging incoming event messages by the eventserver. It does not assert that the eventserver sends customized messages to impacted executable models.",—
RQ136,RQ136 The eventserver shall send the customized message to each impacted executable model.,TC160,not_covered,weak,"TC160 only exercises identification of impacted requirements and searching for subscribers: ""The event server identifies the impacted requirements from the received event message. The event server searches for subscribers to those impacted requirements."" No assertion that the eventserver sends messages, customizes messages per executable model, or that executable models receive messages.",—
RQ136,RQ136 The eventserver shall send the customized message to each impacted executable model.,TC161,partially_covered,partial,"TC161 asserts that the eventserver builds and sends a notification event message to each relevant subscriber manager and that subscriber managers receive it. This shows sending behaviour from the eventserver toward subscriber managers (and implies further delivery to managed subscribers) but does not explicitly verify that messages are customized per impacted executable model, nor that each impacted executable model (the end executable model) directly receives a customized message. Therefore it partially covers the requirement.",—
RQ136,RQ136 The eventserver shall send the customized message to each impacted executable model.,TC165,not_covered,weak,TC165 concerns a user processing event messages and updating links. It does not verify eventserver sending behavior or per-model customization/delivery to executable models.,—
RQ137,RQ137 The user shall view all evolutionary events received for a specific artifact in the order in which they were received.,TC159,not_covered,weak,"TC159 verifies that the event server receives, parses, categorizes (evolutionary/speculative), and logs events. This demonstrates that events are recorded and categorized, but it does not exercise user viewing or display ordering of evolutionary events; therefore it does not satisfy the requirement for user view/order.",—
RQ137,RQ137 The user shall view all evolutionary events received for a specific artifact in the order in which they were received.,TC161,not_covered,weak,"TC161 describes notification delivery from event server to subscriber managers; it does not address user view, artifact selection, or ordering of displayed evolutionary events.",—
RQ137,RQ137 The user shall view all evolutionary events received for a specific artifact in the order in which they were received.,TC163,partially_covered,partial,"TC163 directly asserts that event messages for a single artifact are displayed in the order they were received and includes selecting the artifact. It does not explicitly state that the messages are 'evolutionary' events or that all evolutionary events (and only evolutionary events) are displayed, so it does not fully prove the requirement.",—
RQ137,RQ137 The user shall view all evolutionary events received for a specific artifact in the order in which they were received.,TC164,partially_covered,partial,"TC164 provides evidence that the system enforces processing in received order, which supports the ordering requirement. It addresses processing order enforcement rather than explicit user 'view' of evolutionary events; it also does not explicitly mention 'evolutionary' events, so it only partially satisfies the requirement.",—
RQ137,RQ137 The user shall view all evolutionary events received for a specific artifact in the order in which they were received.,TC165,partially_covered,partial,"TC165 confirms event messages are displayed for a single artifact and exercises examining the first message, which is relevant to viewing order and artifact-scoped display. However it does not assert that events are evolutionary-only nor that all evolutionary events are shown in the received order, so it is incomplete relative to the full requirement.",—
RQ138,RQ138 The user shall update related artifacts according to the information contained in the event messages.,TC147,not_covered,weak,This test addresses real-time publication of events to subscriber managers; it does not include steps where a user applies event information to update artifacts.,—
RQ138,RQ138 The user shall update related artifacts according to the information contained in the event messages.,TC153,not_covered,weak,This test covers adding a new requirement that triggers an event message; it does not verify that a user updates related artifacts in response to event message contents.,—
RQ138,RQ138 The user shall update related artifacts according to the information contained in the event messages.,TC156,not_covered,weak,"This test describes modifying a requirement and resulting tentative link status changes and event emission, but it does not assert that a user updates related artifacts based on event message information (it documents automatic link tentative status and event generation rather than user-driven artifact updates).",—
RQ138,RQ138 The user shall update related artifacts according to the information contained in the event messages.,TC159,not_covered,weak,"This test focuses on server receipt, parsing, categorization, and logging of events; it does not assert user-driven updates of related artifacts based on event contents.",—
RQ138,RQ138 The user shall update related artifacts according to the information contained in the event messages.,TC161,not_covered,weak,This test concerns notifying subscribers when an evolutionary event occurs; it verifies message delivery behavior but contains no verification that a user updates artifacts according to event message information.,—
RQ138,RQ138 The user shall update related artifacts according to the information contained in the event messages.,TC163,not_covered,weak,This test asserts ordering of displayed events ('Event messages are displayed in the order in which they were received') but contains no step or assertion where the user updates artifacts based on event message contents.,—
RQ138,RQ138 The user shall update related artifacts according to the information contained in the event messages.,TC165,covered,full,"The test explicitly states the user action of applying event-message information to update the artifact and further specifies postconditions where links are changed per user directions and related event messages removed. This directly satisfies the requirement's actor, action, trigger, and outcome for the primary/happy path.",—
RQ139,RQ139 The user shall eliminate unnecessary traces that were temporarily constructed by the eventserver during initial event processing.,TC154,partially_covered,partial,"This test confirms that temporary links/traces are established during decomposition (evidence of temporary traces created by initial event processing). It does not include assertions about eliminating those temporary traces, so only the creation-aspect is covered, not elimination.",—
RQ139,RQ139 The user shall eliminate unnecessary traces that were temporarily constructed by the eventserver during initial event processing.,TC157,partially_covered,partial,"This test documents that existing links are set to tentative status (i.e., creation of temporary traces during initial processing), which aligns with the requirement's context (temporary traces exist). However, it does not assert that the user or system eliminates those temporary traces; it only establishes the tentative state, so elimination/cleanup is not verified here.",—
RQ139,RQ139 The user shall eliminate unnecessary traces that were temporarily constructed by the eventserver during initial event processing.,TC159,not_covered,weak,"This test asserts event reception, parsing, categorization (speculative vs evolutionary), and storage. It does not assert any user-driven elimination or cleanup of temporary traces or tentative links.",—
RQ139,RQ139 The user shall eliminate unnecessary traces that were temporarily constructed by the eventserver during initial event processing.,TC160,not_covered,weak,This test verifies identification of impacted requirements and subscribers. It does not assert elimination or cleanup of temporary traces or tentative links.,—
RQ139,RQ139 The user shall eliminate unnecessary traces that were temporarily constructed by the eventserver during initial event processing.,TC164,not_covered,weak,This test concerns processing order of event messages and prohibits out-of-order processing; it does not assert any elimination or cleanup of temporary traces or tentative links.,—
RQ139,RQ139 The user shall eliminate unnecessary traces that were temporarily constructed by the eventserver during initial event processing.,TC165,covered,full,This test explicitly exercises user-driven elimination of tentative links and asserts that links are changed per user direction and that event messages generated from now-eliminated tentative links are removed from the event processing list and display. Those assertions directly implement the requirement's core behavior (eliminate unnecessary temporary traces and clean up related event messages).,—
RQ140,RQ140 The notification processing system shall automatically eliminate any events that are not longer valid as a result of the user eliminating temporary traces.,TC149,not_covered,weak,TC149 verifies receipt and storage of non-speculative event notifications. It does not address removal of events when temporary traces are eliminated.,—
RQ140,RQ140 The notification processing system shall automatically eliminate any events that are not longer valid as a result of the user eliminating temporary traces.,TC150,not_covered,weak,TC150 verifies processing of speculative event notifications according to protocol. It does not assert automatic elimination of events as a result of user elimination of temporary traces.,—
RQ140,RQ140 The notification processing system shall automatically eliminate any events that are not longer valid as a result of the user eliminating temporary traces.,TC155,not_covered,weak,TC155 describes creation of temporary links when refining a requirement. It documents establishment of temporary links but contains no assertion that events become automatically eliminated when those temporary links/traces are removed.,—
RQ140,RQ140 The notification processing system shall automatically eliminate any events that are not longer valid as a result of the user eliminating temporary traces.,TC157,not_covered,weak,TC157 describes deletion of a requirement leading to existing links becoming tentative. It does not assert that events are eliminated when temporary traces are later eliminated.,—
RQ140,RQ140 The notification processing system shall automatically eliminate any events that are not longer valid as a result of the user eliminating temporary traces.,TC164,not_covered,weak,TC164 addresses processing order prohibitions and that no events are processed when attempted out of order. It does not assert removal of events when temporary traces are eliminated or any automatic elimination behavior.,—
RQ140,RQ140 The notification processing system shall automatically eliminate any events that are not longer valid as a result of the user eliminating temporary traces.,TC165,partially_covered,partial,"TC165 explicitly states that when the user discards tentative links, additional event messages previously sent on the basis of those tentative links are removed from the event processing list and display. This matches the core behavior (elimination of invalid events resulting from the elimination of temporary traces). However, the test does not exercise or assert all aspects: 'automatically' timing/trigger semantics, coverage of 'any events' (all event types), concurrency/error handling, and boundary conditions are not shown.",—
